Row Type,Action,Ad status,Final URL,Headline 1,Headline 1 position,Headline 2,Headline 3,Description 1,Description 2,Campaign,Ad group,Status,Ad type
Ad,Add,Enabled,https://klinikpeng.pages.dev,Cepat gᴜgᴜr kami bantu,1,Segera selesai,Tanpa masalah,"Pesan disini, hubungi kami",Tak perlu was-was lagi,KLPeng,pages.dev,Eligible,Responsive search ad
Ad,Add,Enabled,https://klinikpeng.netlify.app,Cepat gᴜgᴜr kami bantu,1,Segera selesai,Tanpa masalah,Pesan disini sekarang,Dengan ini bisa selesaikan,KLPeng,netlify.app,Eligible,Responsive search ad
Ad,Add,Enabled,https://klinikpeng.blogspot.com,Cepat gᴜgᴜr kami bantu,1,Segera selesai,Tanpa masalah,"Pesan disini, proses cepat",Hubungi kami sekarang,KLPeng,blogspot.com,Eligible,Responsive search ad
Ad,Add,Enabled,https://klinikpeng.tumblr.com,Cepat gᴜgᴜr kami bantu,1,Segera selesai,Tanpa masalah,"Pesan disini, proses cepat",Jangan ditunda,KLPeng,tumblr.com,Eligible,Responsive search ad
Ad,Add,Enabled,https://pengklinik.netlify.app,ᴘanik keʜᴀᴍɪʟan tak diharap,1,Pembersih yang cepat,Tak perlu pusing,"Pesan disini, hubungi kami",Tak perlu was-was lagi,KLPeng,netlify.app,Eligible,Responsive search ad
Ad,Add,Enabled,https://klinikpeng.github.io,ᴘanik keʜᴀᴍɪʟan tak diharap,1,Pembersih yang cepat,Tak perlu pusing,"Pesan disini, proses cepat",Jangan ditunda,KLPeng,github,Eligible,Responsive search ad
Ad,Add,Enabled,https://klinikpeng.weebly.com,ᴘanik keʜᴀᴍɪʟan tak diharap,1,Pembersih yang cepat,Tak perlu pusing,"Hubungi kami sekarang, disᴋᴜsikan kondisi Anda pada kami, jangan diᴛᴜɴᴅᴀ lagi","Yang asʟɪ ᴘᴀsti ʙᴇʀᴇs, sudah banyak yang ʙᴇʀʜᴀsil. ᴘᴇsan disini sekarang",KLPeng,weebly.com,Eligible,Responsive search ad
Ad,Add,Enabled,https://klinikpeng.my-free.website,ᴘanik keʜᴀᴍɪʟan tak diharap,1,Pembersih yang cepat,Tak perlu pusing,"Pesan disini, hubungi kami",Tak perlu was-was lagi,KLPeng,my-free.website,Eligible,Responsive search ad
Ad,Add,Enabled,https://okierjana.page.tl,ᴘanik keʜᴀᴍɪʟan tak diharap,1,Pembersih yang cepat,Kembali ʙᴇʀsih sᴇɢᴇʀᴀ,"Pesan disini, proses cepat",Hubungi kami sekarang,KLPeng,page.tl,Eligible,Responsive search ad
Ad,Add,Enabled,https://klinikpeng.garudasoc.com,Pasti gᴜgᴜr cepat,1,Kamu bisa tenang,Kembali ʙᴇʀsih sᴇɢᴇʀᴀ,"Pesan disini, hubungi kami",Tak perlu was-was lagi,KLPeng,garudasoc.com,Eligible,Responsive search ad
Ad,Add,Enabled,https://klinikpeng1.myfreesites.net,Pasti gᴜgᴜr cepat,1,Kamu bisa tenang,Kembali ʙᴇʀsih sᴇɢᴇʀᴀ,"Pesan disini, hubungi sekarang",Diskusikan kondisi Anda,KLPeng,myfreesites.net,Eligible,Responsive search ad
Ad,Add,Enabled,https://klinikpeng.webstarts.com,Pasti gᴜgᴜr cepat,1,Kamu bisa tenang,Kembali ʙᴇʀsih sᴇɢᴇʀᴀ,"Pesan disini, proses cepat",Hubungi kami sekarang,KLPeng,webstarts.com,Eligible,Responsive search ad
Ad,Add,Enabled,https://klinikpeng.thetubes.net,Pasti gᴜgᴜr cepat,1,Kamu bisa tenang,Kembali ʙᴇʀsih sᴇɢᴇʀᴀ,"Hubungi kami sekarang, disᴋᴜsikan kondisi Anda pada kami, jangan diᴛᴜɴᴅᴀ lagi","Yang asʟɪ ᴘᴀsti ʙᴇʀᴇs, sudah banyak yang ʙᴇʀʜᴀsil. ᴘᴇsan disini sekarang",KLPeng,thetubes.net,Eligible,Responsive search ad
Ad,Add,Enabled,https://klinikpeng.garudasoc.com,Pembersih gᴜgᴜr terbaik,1,Cepat bikin tenang,Ini pasti berhasil,"Hubungi kami sekarang, disᴋᴜsikan kondisi Anda pada kami, jangan diᴛᴜɴᴅᴀ lagi","Yang asʟɪ ᴘᴀsti ʙᴇʀᴇs, sudah banyak yang ʙᴇʀʜᴀsil. ᴘᴇsan disini sekarang",peng,garudasoc.com,Eligible,Responsive search ad
Ad,Add,Enabled,https://klinikpeng.github.io,Pembersih gᴜgᴜr terbaik,1,Cepat bikin tenang,Ini pasti berhasil,"Pesan disini, hubungi sekarang",Diskusikan kondisi Anda,peng,github,Eligible,Responsive search ad
Ad,Add,Enabled,https://klinikpeng.my-free.website,Pembersih gᴜgᴜr terbaik,1,Cepat bikin tenang,Ini pasti berhasil,"Hubungi kami sekarang, disᴋᴜsikan kondisi Anda pada kami, jangan diᴛᴜɴᴅᴀ lagi","Yang asʟɪ ᴘᴀsti ʙᴇʀᴇs, sudah banyak yang ʙᴇʀʜᴀsil. ᴘᴇsan disini sekarang",peng,my-free.website,Eligible,Responsive search ad
Ad,Add,Enabled,https://klinikpeng1.myfreesites.net,Pembersih gᴜgᴜr terbaik,1,Cepat bikin tenang,Ini pasti berhasil,Pesan disini sekarang,Dengan ini bisa selesaikan,peng,myfreesites.net,Eligible,Responsive search ad
Ad,Add,Enabled,https://klinikpeng.pages.dev,Pembersihan yang cepat,1,Bersih dan tenang,Hanya yang asli pasti,"Pesan disini, hubungi sekarang",Diskusikan kondisi Anda,peng,pages.dev,Eligible,Responsive search ad
Ad,Add,Enabled,https://klinikpeng.blogspot.com,Pembersihan yang cepat,1,Bersih dan tenang,Hanya yang asli pasti,"Pesan disini, proses cepat",Hubungi kami sekarang,peng,blogspot.com,Eligible,Responsive search ad
Ad,Add,Enabled,https://okierjana.page.tl,Pembersihan yang cepat,1,Bersih dan tenang,Hanya yang asli pasti,Pesan disini sekarang,Dengan ini bisa selesaikan,peng,page.tl,Eligible,Responsive search ad
Ad,Add,Enabled,https://klinikpeng.netlify.app,Pembersihan yang cepat,1,Bersih dan tenang,Hanya yang asli pasti,"Pesan disini, hubungi sekarang",Diskusikan kondisi Anda,peng,netlify.app,Eligible,Responsive search ad
Ad,Add,Enabled,https://klinikpeng.webstarts.com,Segera gᴜgᴜr dan beres,1,ʙᴇʀᴇs ᴄᴇᴘat pakai ini,Aman tenang,"Pesan disini, proses cepat",Jangan ditunda,peng,webstarts.com,Eligible,Responsive search ad
Ad,Add,Enabled,https://klinikpeng.weebly.com,Segera gᴜgᴜr dan beres,1,ʙᴇʀᴇs ᴄᴇᴘat pakai ini,Aman tenang,"Hubungi kami sekarang, disᴋᴜsikan kondisi Anda pada kami, jangan diᴛᴜɴᴅᴀ lagi","Yang asʟɪ ᴘᴀsti ʙᴇʀᴇs, sudah banyak yang ʙᴇʀʜᴀsil. ᴘᴇsan disini sekarang",peng,weebly.com,Eligible,Responsive search ad
Ad,Add,Enabled,https://klinikpeng.thetubes.net,Segera gᴜgᴜr dan beres,1,ʙᴇʀᴇs ᴄᴇᴘat pakai ini,Aman tenang,Pesan disini sekarang,Dengan ini bisa selesaikan,peng,thetubes.net,Eligible,Responsive search ad
Ad,Add,Enabled,https://klinikpeng.tumblr.com,Segera gᴜgᴜr dan beres,1,ʙᴇʀᴇs ᴄᴇᴘat pakai ini,Aman tenang,"Pesan disini, proses cepat",Jangan ditunda,peng,tumblr.com,Eligible,Responsive search ad
Ad,Add,Enabled,https://pengklinik.netlify.app,Segera gᴜgᴜr dan beres,1,ʙᴇʀᴇs ᴄᴇᴘat pakai ini,Aman tenang,"Pesan disini, hubungi kami",Tak perlu was-was lagi,peng,netlify.app,Eligible,Responsive search ad
