Row Type,Action,Ad status,Final URL,Headline 1,Headline 1 position,Headline 2,Headline 3,Description 1,Description 2,Campaign,Ad group,Status,Ad ID
Ad,Edit,Enabled,https://klinikpeng.garudasoc.com,ᴘanik keʜᴀᴍɪʟan tak diharap,1,ʙᴇʀᴇs ᴄᴇᴘat pakai ini,Kembali ʙᴇʀsih sᴇɢᴇʀᴀ,"Hubungi kami sekarang, disᴋᴜsikan kondisi Anda pada kami, jangan diᴛᴜɴᴅᴀ lagi","Yang asʟɪ ᴘᴀsti ʙᴇʀᴇs, sudah banyak yang ʙᴇʀʜᴀsil. ᴘᴇsan disini sekarang",peng,garudasoc.com,Eligible,627475269110
Ad,Edit,Enabled,https://klinikpeng.pages.dev,Segera gᴜgᴜr dan beres,1,Pembersih yang cepat,Aman tenang,"Pesan disini, hubungi kami",Tak perlu was-was lagi,KLPeng,pages.dev,Eligible,627362161800
Ad,Edit,Enabled,https://klinikpeng.netlify.app,Pembersihan yang cepat,1,Kamu bisa tenang,Ini pasti berhasil,Pesan disini sekarang,Dengan ini bisa selesaikan,KLPeng,netlify.app,Eligible,627362161668
Ad,Edit,Enabled,https://klinikpeng.github.io,Cepat gᴜgᴜr kami bantu,1,Segera selesai,Tanpa masalah,"Pesan disini, hubungi sekarang",Diskusikan kondisi Anda,peng,github,Eligible,627475219850
Ad,Edit,Enabled,https://klinikpeng.blogspot.com,Pasti gᴜgᴜr cepat,1,Bersih dan tenang,Hanya yang asli pasti,"Pesan disini, proses cepat",Hubungi kami sekarang,KLPeng,blogspot.com,Eligible,627362161677
Ad,Edit,Enabled,https://klinikpeng.tumblr.com,Pembersih gᴜgᴜr terbaik,1,Cepat bikin tenang,Tak perlu pusing,"Pesan disini, proses cepat",Jangan ditunda,KLPeng,tumblr.com,Eligible,627362161647
Ad,Edit,Enabled,https://klinikpeng.my-free.website,ᴘanik keʜᴀᴍɪʟan tak diharap,1,ʙᴇʀᴇs ᴄᴇᴘat pakai ini,Kembali ʙᴇʀsih sᴇɢᴇʀᴀ,"Hubungi kami sekarang, disᴋᴜsikan kondisi Anda pada kami, jangan diᴛᴜɴᴅᴀ lagi","Yang asʟɪ ᴘᴀsti ʙᴇʀᴇs, sudah banyak yang ʙᴇʀʜᴀsil. ᴘᴇsan disini sekarang",peng,my-free.website,Eligible,627423626548
Ad,Edit,Enabled,https://pengklinik.netlify.app,Segera gᴜgᴜr dan beres,1,Pembersih yang cepat,Aman tenang,"Pesan disini, hubungi kami",Tak perlu was-was lagi,KLPeng,netlify.app,Eligible,627362161650
Ad,Edit,Enabled,https://klinikpeng1.myfreesites.net,Pembersihan yang cepat,1,Kamu bisa tenang,Ini pasti berhasil,Pesan disini sekarang,Dengan ini bisa selesaikan,peng,myfreesites.net,Eligible,627361310130
Ad,Edit,Enabled,https://klinikpeng.pages.dev,Cepat gᴜgᴜr kami bantu,1,Segera selesai,Tanpa masalah,"Pesan disini, hubungi sekarang",Diskusikan kondisi Anda,peng,pages.dev,Eligible,627423590374
Ad,Edit,Enabled,https://klinikpeng.blogspot.com,Pasti gᴜgᴜr cepat,1,Bersih dan tenang,Hanya yang asli pasti,"Pesan disini, proses cepat",Hubungi kami sekarang,peng,blogspot.com,Eligible,627361298052
Ad,Edit,Enabled,https://klinikpeng.github.io,Pembersih gᴜgᴜr terbaik,1,Cepat bikin tenang,Tak perlu pusing,"Pesan disini, proses cepat",Jangan ditunda,KLPeng,github,Eligible,627362161659
Ad,Edit,Enabled,https://klinikpeng.weebly.com,ᴘanik keʜᴀᴍɪʟan tak diharap,1,ʙᴇʀᴇs ᴄᴇᴘat pakai ini,Kembali ʙᴇʀsih sᴇɢᴇʀᴀ,"Hubungi kami sekarang, disᴋᴜsikan kondisi Anda pada kami, jangan diᴛᴜɴᴅᴀ lagi","Yang asʟɪ ᴘᴀsti ʙᴇʀᴇs, sudah banyak yang ʙᴇʀʜᴀsil. ᴘᴇsan disini sekarang",KLPeng,weebly.com,Eligible,627362161662
Ad,Edit,Enabled,https://klinikpeng.my-free.website,Segera gᴜgᴜr dan beres,1,Pembersih yang cepat,Aman tenang,"Pesan disini, hubungi kami",Tak perlu was-was lagi,KLPeng,my-free.website,Eligible,627362161665
Ad,Edit,Enabled,https://okierjana.page.tl,Pembersihan yang cepat,1,Kamu bisa tenang,Ini pasti berhasil,Pesan disini sekarang,Dengan ini bisa selesaikan,peng,page.tl,Eligible,627361292397
Ad,Edit,Enabled,https://klinikpeng.netlify.app,Cepat gᴜgᴜr kami bantu,1,Segera selesai,Tanpa masalah,"Pesan disini, hubungi sekarang",Diskusikan kondisi Anda,peng,netlify.app,Eligible,627475257482
Ad,Edit,Enabled,https://okierjana.page.tl,Pasti gᴜgᴜr cepat,1,Bersih dan tenang,Hanya yang asli pasti,"Pesan disini, proses cepat",Hubungi kami sekarang,KLPeng,page.tl,Eligible,627362161644
Ad,Edit,Enabled,https://klinikpeng.webstarts.com,Pembersih gᴜgᴜr terbaik,1,Cepat bikin tenang,Tak perlu pusing,"Pesan disini, proses cepat",Jangan ditunda,peng,webstarts.com,Eligible,627361292334
Ad,Edit,Enabled,https://klinikpeng.weebly.com,ᴘanik keʜᴀᴍɪʟan tak diharap,1,ʙᴇʀᴇs ᴄᴇᴘat pakai ini,Kembali ʙᴇʀsih sᴇɢᴇʀᴀ,"Hubungi kami sekarang, disᴋᴜsikan kondisi Anda pada kami, jangan diᴛᴜɴᴅᴀ lagi","Yang asʟɪ ᴘᴀsti ʙᴇʀᴇs, sudah banyak yang ʙᴇʀʜᴀsil. ᴘᴇsan disini sekarang",peng,weebly.com,Eligible,627475251740
Ad,Edit,Enabled,https://klinikpeng.garudasoc.com,Segera gᴜgᴜr dan beres,1,Pembersih yang cepat,Aman tenang,"Pesan disini, hubungi kami",Tak perlu was-was lagi,KLPeng,garudasoc.com,Eligible,627362161671
Ad,Edit,Enabled,https://klinikpeng.thetubes.net,Pembersihan yang cepat,1,Kamu bisa tenang,Ini pasti berhasil,Pesan disini sekarang,Dengan ini bisa selesaikan,peng,thetubes.net,Eligible,627361326879
Ad,Edit,Enabled,https://klinikpeng1.myfreesites.net,Cepat gᴜgᴜr kami bantu,1,Segera selesai,Tanpa masalah,"Pesan disini, hubungi sekarang",Diskusikan kondisi Anda,KLPeng,myfreesites.net,Eligible,627362161653
Ad,Edit,Enabled,https://klinikpeng.webstarts.com,Pasti gᴜgᴜr cepat,1,Bersih dan tenang,Hanya yang asli pasti,"Pesan disini, proses cepat",Hubungi kami sekarang,KLPeng,webstarts.com,Eligible,627362161674
Ad,Edit,Enabled,https://klinikpeng.tumblr.com,Pembersih gᴜgᴜr terbaik,1,Cepat bikin tenang,Tak perlu pusing,"Pesan disini, proses cepat",Jangan ditunda,peng,tumblr.com,Eligible,627423615754
Ad,Edit,Enabled,https://klinikpeng.thetubes.net,ᴘanik keʜᴀᴍɪʟan tak diharap,1,ʙᴇʀᴇs ᴄᴇᴘat pakai ini,Kembali ʙᴇʀsih sᴇɢᴇʀᴀ,"Hubungi kami sekarang, disᴋᴜsikan kondisi Anda pada kami, jangan diᴛᴜɴᴅᴀ lagi","Yang asʟɪ ᴘᴀsti ʙᴇʀᴇs, sudah banyak yang ʙᴇʀʜᴀsil. ᴘᴇsan disini sekarang",KLPeng,thetubes.net,Eligible,627362161656
Ad,Edit,Enabled,https://pengklinik.netlify.app,Segera gᴜgᴜr dan beres,1,Pembersih yang cepat,Aman tenang,"Pesan disini, hubungi kami",Tak perlu was-was lagi,peng,netlify.app,Eligible,627475257485
